CaseID,TWITTER_USE,VOTED
6,1,2
7,3,3
8,2,3
11,1,2
12,4,3
14,5,1
15,1,3
16,1,3
17,2,3
18,4,3
19,1,2
20,4,3
21,1,3
23,2,3
24,1,3
25,5,3
26,1,1
30,1,3
32,1,3
35,2,3
36,1,2
37,5,3
39,2,3
42,3,3
43,5,1
44,3,1
47,2,3
48,1,3
50,3,1
51,1,3
52,3,1
54,3,3
55,3,1
108,2,3
111,1,3
112,2,1
113,1,3
114,1,3
115,1,3
116,1,3
117,5,3
119,6,3
120,1,3
122,5,3
123,6,3
124,1,3
126,1,3
127,1,3
130,5,3
131,3,3
132,3,3
133,6,1
134,1,3
136,2,3
138,4,1
139,6,3
140,1,3
143,1,3
144,5,3
146,1,3
147,3,3
148,1,3
149,3,3
151,3,3
154,1,3
155,5,3
156,6,3
157,5,3
159,1,2
162,2,3
163,1,3
164,2,3
167,1,1
168,4,3
169,3,3
171,3,3
172,4,3
174,1,2
178,2,3
181,1,3
183,1,3
185,6,3
187,3,3
189,1,1
190,1,3
192,1,1
193,5,1
194,1,3
195,1,3
197,2,3
199,4,3
200,3,3
203,2,3
205,1,3
207,6,2
208,6,3
209,1,3
213,3,3
214,1,3
217,4,3
218,5,1
220,2,3
224,1,3
227,1,3
229,3,1
230,1,3
231,2,3
232,3,1
234,3,3
238,5,1
239,1,3
241,2,3
244,1,1
245,3,3
249,5,1
250,3,1
251,3,3
261,1,3
262,6,1
263,4,3
264,3,3
266,1,3
270,5,3
271,3,1
272,5,3
275,3,3
276,6,3
277,6,3
279,2,3
280,3,3
281,4,3
283,2,3
284,3,3
286,2,3
288,4,3
291,2,3
293,2,1
294,3,3
297,1,3
298,5,3
299,3,3
301,5,3
303,1,3
304,1,3
305,2,1
306,3,3
307,1,3
308,5,3
309,1,3
310,3,3
311,1,3
313,2,3
315,1,3
316,6,2
317,1,3
319,1,3
320,5,3
321,3,3
322,3,3
323,2,3
325,1,3
327,1,3
330,1,3
332,6,3
333,1,1
334,3,3
335,1,1
336,3,1
338,3,3
342,1,3
343,1,3
346,3,3
347,2,3
349,6,3
350,6,3
352,2,3
353,3,3
354,3,3
355,6,3
357,1,2
359,5,3
366,6,1
367,3,3
369,5,3
370,6,1
371,6,3
375,5,3
377,1,3
379,3,3
381,2,3
382,3,3
383,6,3
384,2,3
386,1,3
387,3,3
388,1,3
390,2,1
391,1,1
394,4,3
395,3,3
396,2,3
397,1,3
398,3,3
399,6,3
401,1,3
402,2,3
403,3,3
404,3,3
405,1,3
406,1,1
407,1,3
408,4,3
410,1,3
412,3,3
414,2,3
415,3,1
417,2,2
419,2,3
420,3,3
421,6,3
422,1,3
424,3,3
427,6,3
429,1,1
431,3,1
433,2,3
434,6,3
435,1,3
436,1,3
437,3,2
439,6,3
442,1,3
444,1,2
446,1,3
447,2,1
450,3,3
452,1,3
453,1,3
454,1,3
455,1,3
456,1,3
457,3,3
459,3,3
461,1,3
462,2,3
464,6,3
465,6,3
466,1,3
467,5,3
471,1,2
475,2,3
476,3,3
477,3,3
478,5,3
480,1,3
481,6,3
484,3,3
485,2,3
486,1,3
487,2,3
488,3,3
490,5,3
496,1,1
497,1,2
498,1,3
501,6,1
502,6,3
503,3,3
504,3,3
505,6,3
508,5,3
509,2,3
511,2,3
512,2,3
514,3,3
515,1,3
517,1,3
518,1,3
519,1,3
520,3,3
521,1,3
522,6,3
523,3,3
525,1,3
530,1,3
532,3,3
533,3,3
536,4,2
537,2,3
539,2,3
541,5,2
542,6,3
544,6,3
545,6,3
547,1,3
552,2,1
553,4,3
554,3,3
555,1,3
557,1,3
558,3,4
559,3,3
560,3,3
562,2,3
564,3,3
565,3,3
566,2,3
567,1,3
568,3,2
569,1,3
570,2,3
571,4,3
572,1,3
573,5,1
574,2,3
575,2,3
576,1,3
578,3,3
579,5,3
580,5,3
581,3,3
582,6,3
583,3,3
588,3,3
589,3,3
590,2,3
592,1,3
593,3,3
595,5,2
597,3,2
599,1,3
600,1,2
601,1,3
602,3,3
604,2,3
605,1,1
606,1,3
609,2,3
611,2,2
612,5,3
613,5,3
614,3,3
616,1,3
617,5,1
619,3,3
620,1,3
621,4,3
622,1,2
625,1,3
626,1,1
628,1,1
629,2,3
630,3,3
631,2,3
632,6,3
633,1,3
634,3,3
635,5,3
636,1,3
641,1,3
642,2,3
643,3,3
644,3,3
645,3,3
646,4,3
647,3,3
650,6,3
652,1,3
655,2,2
659,2,3
660,4,3
662,1,3
663,3,3
667,5,3
669,1,3
670,3,3
673,2,3
674,3,3
676,3,1
680,5,3
686,4,3
687,6,2
688,3,3
689,2,3
691,3,3
692,1,3
696,3,1
697,2,3
701,3,3
702,3,3
704,5,1
705,1,1
707,1,3
708,1,3
710,5,3
712,1,3
713,3,3
714,1,3
715,2,3
716,2,3
717,6,3
718,1,3
719,1,3
720,1,3
722,1,3
723,6,3
724,1,3
725,2,3
727,4,3
729,2,3
730,4,3
731,4,3
732,3,3
733,5,3
734,1,3
735,6,3
736,3,3
738,4,3
740,5,3
741,3,3
742,3,3
743,6,1
745,1,3
746,1,3
747,1,3
749,1,3
753,6,3
754,3,1
755,1,1
756,1,3
757,5,3
759,3,3
760,4,3
762,5,3
763,3,3
764,1,3
765,2,3
766,6,3
768,3,3
769,1,3
773,3,3
774,3,3
775,5,3
777,2,3
778,1,3
779,3,3
780,6,3
781,1,3
783,3,3
784,1,3
785,2,3
786,3,3
788,2,3
789,3,3
792,3,1
793,6,3
794,5,3
795,1,3
796,1,3
798,1,3
801,2,3
807,5,3
809,3,1
811,4,3
812,1,3
813,2,3
814,6,3
816,4,2
819,2,3
820,1,3
822,2,1
825,1,3
827,5,3
830,4,3
832,1,3
834,6,3
836,2,3
838,4,3
842,3,2
844,6,3
845,3,3
846,1,3
850,1,3
853,6,3
854,5,3
855,4,3
857,6,3
859,2,3
860,3,3
864,1,3
866,3,3
868,5,1
872,1,3
873,2,3
874,1,1
875,3,3
878,3,3
880,3,3
881,6,1
882,5,3
883,2,3
884,1,3
885,1,3
886,5,3
888,2,3
890,2,3
893,5,3
894,5,3
895,1,3
898,1,3
900,3,3
901,3,3
902,3,3
903,6,3
905,1,3
908,6,1
909,5,3
910,3,3
911,4,3
912,1,3
913,5,3
914,3,3
916,1,3
917,6,3
918,5,3
919,3,3
920,1,3
921,1,1
923,2,2
925,2,3
926,3,3
928,1,3
929,6,3
935,5,3
936,2,3
937,1,3
938,3,3
939,1,3
941,6,2
942,2,3
943,1,1
944,6,3
946,3,3
951,6,3
954,2,3
956,3,3
958,1,3
960,3,3
962,1,3
963,1,3
964,3,3
965,6,3
967,2,3
968,5,3
969,5,3
970,1,3
971,6,3
972,3,3
975,3,1
976,2,3
978,3,3
983,1,3
985,2,3
986,5,3
987,3,3
989,5,3
991,1,3
993,1,3
994,2,3
996,3,1
997,1,3
998,3,3
1000,2,3
1002,1,3
1003,6,3
1009,3,3
1010,4,3
1011,1,3
1012,4,3
1015,6,3
1016,5,3
1017,2,2
1018,3,3
1022,3,3
1023,1,3
1024,1,3
1025,1,3
1026,1,3
1027,6,3
1029,3,3
1030,5,3
1032,5,3
1036,6,3
1037,6,2
1038,1,1
1039,1,3
1040,1,3
1042,2,3
1043,1,3
1045,5,3
1047,1,3
1048,3,4
1051,6,3
1052,1,3
1055,2,3
1056,1,3
1057,3,3
1060,6,1
1064,5,3
1068,3,1
1070,1,3
1071,2,4
1072,2,1
1073,5,1
1076,1,3
1077,3,3
1078,6,3
1079,1,2
1080,1,3
1084,3,1
1087,5,3
1089,1,3
1090,1,3
1092,3,3
1096,3,3
1097,1,3
1098,6,3
1101,3,2
1102,5,3
1104,2,3
1105,1,1
1108,4,2
1109,3,1
1110,2,3
1112,4,3
1115,3,3
1116,1,3
1118,3,3
1122,2,3
1123,3,3
1124,1,3
1127,2,1
1128,6,3
1130,1,3
1131,6,1
1133,1,3
1134,6,2
1135,6,3
1136,4,3
1137,6,4
1138,6,3
1140,1,3
1141,1,3
1143,6,3
1144,3,3
1145,1,3
1146,3,3
1150,1,2
1152,1,3
1153,6,3
1154,3,3
1155,1,3
1156,2,1
1157,3,3
1158,1,3
1160,2,3
1162,4,3
1164,3,3
1165,1,3
1166,3,3
1167,4,3
1169,1,3
1172,2,3
1175,6,3
1179,1,3
1182,6,3
1183,3,3
1184,1,3
1185,6,3
1186,1,3
1187,1,3
1188,5,3
1190,6,1
1192,3,3
1194,5,2
1198,3,3
1199,6,3
1200,6,3
1201,1,3
1202,1,3
1204,5,3
1207,1,3
1208,1,3
1209,4,3
1210,5,3
1211,2,3
1212,5,1
1213,1,3
1214,3,2
1216,1,3
1218,1,3
1220,4,3
1223,5,3
1224,1,3
1226,5,3
1227,6,3
1228,2,3
1229,5,3
1232,3,3
1235,6,3
1242,3,3
1245,1,3
1246,3,3
1247,1,3
1248,6,3
1249,1,3
1250,1,3
1251,6,3
1252,5,3
1254,2,3
1255,5,3
1257,6,3
1259,4,3
1260,2,2
1261,1,3
1263,2,3
1265,3,4
1267,1,3
1268,1,3
1269,5,1
1270,3,3
1271,3,1
1273,1,3
1274,1,3
1275,3,3
1277,3,3
1278,3,3
1280,1,3
1284,3,3
1285,4,3
1286,1,2
1287,1,1
1290,6,3
1292,1,3
1293,4,3
1294,1,3
1300,3,3
1301,1,3
1303,3,3
1307,3,1
1308,1,3
1309,1,3
1312,3,3
1313,6,3
1314,5,3
1315,4,3
1316,1,3
1317,1,3
1320,1,3
1322,1,3
1323,6,3
1324,3,3
1326,1,3
1327,1,3
1328,3,3
1329,3,3
1330,3,1
1331,2,3
1336,3,3
1337,1,3
1338,1,3
1339,3,3
1340,1,3
1341,1,3
1342,1,3
1343,5,1
1344,5,3
1345,1,3
1346,5,3
1347,1,2
1349,5,3
1350,5,3
1351,5,3
1353,1,3
1354,2,3
1355,2,3
1356,2,3
1357,6,2
1358,2,3
1362,6,3
1363,1,3
1364,3,3
1365,3,3
1366,1,3
1368,3,3
1369,1,3
1370,3,3
1373,5,3
1374,1,3
1375,1,3
1377,1,3
1378,2,3
1380,6,3
1382,3,3
1384,2,3
1385,1,1
1386,1,3
1387,1,1
1388,3,3
1389,3,3
1393,4,4
1399,1,3
1400,5,3
1401,5,3
1403,1,3
1404,5,3
1406,1,3
1407,2,3
1408,1,2
1412,1,3
1415,5,3
1419,2,1
1420,2,3
1421,3,1
1422,3,3
1425,5,3
1428,1,3
1429,1,3
1430,4,3
1431,5,3
1435,3,3
1436,2,3
1437,3,2
1438,1,3
1439,3,3
1442,2,3
1443,5,3
1444,3,3
1448,1,3
1449,2,3
1456,1,3
1459,1,3
1460,6,3
1461,2,1
1462,6,1
1463,2,3
1464,5,3
1466,3,3
1468,2,3
1472,1,3
1474,2,3
1476,1,3
1479,3,3
1480,2,3
1481,6,1
1482,3,3
1483,1,3
1484,3,3
1486,3,3
1487,1,3
1489,5,3
1490,1,3
1491,5,3
1492,3,3
1493,3,3
1495,1,3
1496,1,3
1499,3,3
1501,6,3
1502,3,3
1503,1,3
1504,2,3
1508,2,3
1509,1,1
1510,4,3
1512,5,1
1513,6,3
1516,5,3
1517,5,3
1519,1,3
1521,1,3
1522,5,3
1523,5,3
1524,6,3
1525,3,3
1526,3,4
1527,3,3
1528,2,3
1529,1,3
1531,3,3
1533,4,3
1535,2,3
1536,5,3
1537,1,3
1538,6,2
1539,5,3
1540,3,3
1542,5,2
1543,5,2
1545,5,3
1547,3,3
1548,3,3
1549,3,3
1550,3,3
1551,3,3
1552,6,3
1554,3,3
1557,5,3
1559,5,3
1561,2,3
1563,1,1
1564,2,1
1565,1,1
1567,2,1
1569,6,3
1572,1,3
1574,1,3
1576,2,2
1579,1,3
1580,1,3
1582,3,3
1583,6,3
1584,5,1
1585,3,3
1586,5,3
1588,5,1
1589,5,3
1591,6,3
1592,5,3
1593,6,3
1594,4,3
1595,3,3
1596,2,3
1599,1,3
1602,2,3
1603,1,3
1604,5,3
1607,1,3
1608,5,3
1611,1,1
1612,2,1
1613,6,3
1617,6,3
1618,6,1
1619,1,3
1620,1,3
1621,1,3
1623,1,2
1625,3,1
1627,5,3
1629,1,3
1635,2,3
1636,3,1
1637,1,3
1641,3,3
1648,1,3
1649,2,3
1650,6,1
1651,2,3
1653,6,1
1655,1,3
1656,6,3
1657,5,3
1658,1,3
1659,1,3
1660,1,3
1661,5,3
1662,2,3
1663,5,3
1664,2,1
1665,5,3
1666,3,3
1667,2,3
1668,3,3
1670,3,3
1671,3,2
1672,5,3
1673,2,3
1674,1,3
1676,1,3
1677,2,3
1678,2,1
1679,3,1
1681,2,3
1682,1,3
1683,2,3
1687,1,2
1690,2,3
1691,6,3
1693,1,3
1694,3,3
1697,1,3
1699,5,2
1703,2,3
1706,1,1
1707,3,3
1709,1,3
1710,4,3
1711,1,2
1717,5,1
1718,2,3
1719,2,3
1720,2,3
1722,5,3
1723,3,3
1725,5,3
1727,1,2
1730,5,3
1732,3,3
1733,1,3
1734,2,3
1737,3,3
1739,1,3
1741,3,3
1742,2,1
1744,5,3
1746,6,3
1747,1,1
1749,1,2
1751,7,4
1754,3,3
1755,5,2
1756,1,3
1757,1,3
1758,4,3
1761,3,3
1762,2,3
1763,4,3
1767,2,3
1769,2,2
1771,1,3
1772,5,3
1775,6,3
1777,3,3
1779,2,3
1781,3,3
1782,5,3
1783,3,3
1784,6,3
1787,3,3
1788,3,3
1793,4,3
1797,5,3
1800,2,3
1801,6,3
1804,6,3
1805,5,3
1806,5,3
1807,3,3
1808,3,2
1809,3,3
1810,3,1
1811,4,3
1812,4,3
1815,1,3
1816,3,3
1817,3,3
1818,2,3
1823,2,3
1825,6,1
1826,4,2
1827,2,3
1828,2,3
1831,4,1
1836,3,3
1837,1,2
1838,6,3
1840,3,3
1848,6,3
1850,5,3
1851,1,3
1855,3,3
1857,3,3
1858,2,3
1859,1,3
1860,4,3
1863,5,1
1864,5,3
1866,5,3
1867,1,3
1868,3,3
1869,1,1
1874,5,3
1875,2,2
1877,3,3
1879,1,2
1882,1,3
1884,2,3
1889,1,1
1895,5,3
1896,2,3
1897,1,3
1899,2,3
1900,1,3
1901,1,3
1902,4,3
1903,2,3
1904,6,3
1905,3,4
1906,3,3
1908,1,3
1909,1,3
1915,3,3
1916,2,3
1917,1,3
1918,2,3
1919,1,2
1920,1,3
1921,4,3
1923,1,1
1925,1,3
1928,3,3
1929,1,1
1931,5,3
1932,2,3
1934,5,3
1935,3,3
1936,6,3
1937,3,3
1938,1,3
1939,3,1
1940,1,2
1941,2,2
1943,4,3
1947,3,3
1949,1,3
1950,6,3
1952,3,3
1953,2,3
1956,3,3
1959,4,3
1960,5,3
1962,3,3
1964,4,3
1966,5,3
1967,1,3
1968,2,3
1969,1,1
1971,5,3
1973,1,3
1982,2,1
1983,3,3
1984,1,3
1985,2,3
1986,5,3
1988,1,3
1990,2,3
1991,1,3
1992,4,3
1993,3,3
1994,2,3
1995,6,3
1998,1,3
2001,6,3
2003,3,3
2005,1,3
2009,4,3
2010,3,3
2011,1,1
2013,1,3
2014,5,3
2016,2,3
2018,1,1
2020,4,1
2024,3,3
2025,1,3
2026,1,3
2029,3,3
2030,3,1
2031,6,1
2033,1,3
2034,6,3
2035,3,3
2036,2,3
2038,1,3
2040,3,1
2041,1,3
2042,2,3
2043,2,2
2046,3,1
2050,6,1
2054,2,1
2055,5,3
2056,5,3
2057,6,3
2058,1,3
2060,1,3
2061,6,3
2064,1,3
2065,5,3
2068,6,3
2069,5,1
2070,1,3
2073,5,3
2074,1,3
2075,1,3
2077,5,1
2078,6,3
2079,1,3
2080,4,3
2081,5,3
2085,3,3
2087,5,3
2089,3,3
2090,5,3
2091,1,3
2092,1,3
2093,2,1
2097,6,3
2099,2,3
2100,1,3
2102,3,3
2103,4,3
2104,3,3
2105,1,3
2106,3,3
2109,3,3
2110,2,3
2115,1,3
2117,2,3
2118,6,3
2119,1,3
2121,5,3
2122,5,3
2123,3,2
2124,3,1
2126,2,3
2127,3,2
2129,3,3
2133,2,3
2134,1,3
2135,1,2
2136,3,3
2137,3,3
2138,1,3
2139,5,3
2141,2,3
2142,5,1
2144,3,2
2148,5,3
2149,5,3
2151,3,1
2152,5,1
2155,2,3
2156,1,3
2157,1,3
2159,4,3
2161,6,2
2163,2,3
2164,2,3
2165,6,3
2167,6,3
2168,1,3
2169,1,3
2171,4,3
2172,1,3
2173,1,3
2176,1,2
2179,1,3
2180,1,3
2182,2,3
2183,2,1
2185,3,3
2186,3,3
2188,1,3
2189,1,3
2191,6,3
2195,5,3
2198,1,3
2200,2,3
2201,6,3
2205,3,3
2210,1,3
2211,5,3
2213,1,3
2215,1,1
2216,1,3
2220,3,3
2221,2,3
2222,1,3
2224,2,1
2225,1,3
2228,2,1
2230,1,3
2237,1,3
2239,1,3
2240,4,3
2241,1,4
2242,4,3
2248,4,3
2249,1,1
2250,4,3
2251,1,1
2255,6,3
2256,3,3
2259,6,3
2264,4,3
2265,5,3
2266,5,1
2267,3,3
2268,5,3
2269,3,3
2270,6,3
2271,3,3
2272,1,1
2277,1,2
2278,4,3
2279,2,3
2280,4,2
2282,1,3
2283,1,3
2287,3,3
2288,1,3
2292,2,3
2294,3,3
2296,1,2
2298,3,3
2301,1,3
2304,5,2
2305,3,3
2306,4,3
2307,1,3
2309,1,3
2310,6,3
2313,4,4
2314,2,3
2317,1,3
2318,1,3
2319,1,3
2321,6,1
2323,2,1
2328,1,3
2329,4,3
2330,3,3
2332,1,3
2333,6,3
2334,2,3
2337,2,3
2338,6,2
2339,3,3
2340,2,3
2341,3,3
2342,1,3
2347,2,3
2349,1,3
2350,6,3
2352,5,3
2353,1,1
2355,5,3
2357,2,3
2359,1,1
2360,1,3
2361,1,4
2363,2,3
2365,2,3
2366,6,3
2370,3,3
2371,6,3
2372,3,3
2373,5,3
2375,3,3
2376,3,3
2377,6,3
2378,5,3
2379,1,3
2381,1,3
2382,3,3
2384,1,3
2388,3,3
2389,3,2
2391,1,3
2393,1,2
2394,6,3
2398,1,3
2399,3,3
2400,5,3
2401,1,1
2402,3,3
2405,6,3
2407,1,3
2408,2,1
2410,6,3
2412,5,3
2414,1,3
2415,6,1
2424,1,3
2425,1,3
2427,6,1
2429,3,3
2430,5,3
2433,3,3
2434,1,3
2435,1,1
2436,3,3
2437,1,3
2438,5,3
2439,1,3
2440,1,3
2442,1,2
2443,1,3
2444,3,3
2445,3,3
2446,3,3
2448,4,3
2452,4,3
2453,1,3
2454,4,3
2457,3,1
2460,5,3
2464,5,3
2465,1,1
2466,1,3
2467,2,3
2468,6,3
2470,5,3
2471,2,3
2476,1,3
2478,2,3
2479,3,3
2481,2,3
2482,5,3
2486,3,3
2487,5,3
2488,3,3
2489,2,1
2490,1,1
2491,5,3
2495,5,3
2497,3,3
2499,2,1
2500,2,3
2501,5,3
2502,6,3
2504,1,3
2505,1,3
2506,2,3
2508,5,3
2509,1,3
2510,3,2
2511,1,1
2513,1,3
2514,1,1
2519,6,3
2521,4,3
2523,5,3
2525,5,3
2526,1,1
2528,5,3
2529,4,3
2531,3,2
2532,3,3
2538,2,3
2539,6,3
2540,2,3
2542,1,3
2543,5,3
2545,1,3
2547,2,3
2549,6,3
2550,1,2
2551,5,3
2552,3,3
2555,1,3
2556,5,3
2559,3,3
2561,5,1
2562,2,1
2563,6,3
2565,1,3
2567,6,3
2569,1,3
2570,5,3
2572,2,3
2573,2,2
2576,3,3
2577,1,3
2578,6,1
2579,2,3
2580,2,3
2581,2,3
2582,1,3
2583,6,3
2584,1,3
2586,1,3
2587,3,3
2588,3,3
2590,3,3
2591,2,3
2592,1,3
2593,3,3
2594,1,3
2595,3,3
2596,6,4
2597,6,2
2598,3,3
2600,6,1
2601,2,3
2603,5,1
2607,4,1
2608,1,3
2609,1,3
2610,2,3
2612,4,1
2613,1,3
2617,3,3
2620,3,3
2622,3,3
2623,6,3
2627,6,3
2629,5,3
2630,2,3
2631,6,3
2632,3,3
2635,1,3
2637,6,3
2638,6,3
2639,3,3
2640,2,3
2643,5,3
2644,3,3
2645,5,3
2647,1,3
2650,6,3
2651,3,3
2653,3,3
2656,4,3
2657,1,3
2658,3,1
2659,2,3
2661,5,3
2662,3,3
2665,5,3
2666,3,3
2667,2,1
2668,1,1
2671,3,3
2672,3,3
2674,1,3
2675,1,3
2677,3,3
2678,5,3
2679,1,3
2680,3,1
2682,3,1
2685,3,2
2688,1,3
2689,4,3
2692,5,2
2694,2,3
2695,2,3
2696,5,3
2698,1,1
2699,3,1
2702,2,3
2703,1,3
2704,1,3
2706,6,3
2707,2,3
2708,1,3
2710,1,3
2711,3,3
2712,2,3
2713,2,3
2714,1,3
2715,4,3
2719,1,3
2721,1,3
2722,3,3
2723,1,1
2724,3,3
2725,1,3
2730,5,3
2731,1,3
2732,3,3
2734,3,3
2735,1,3
2737,2,1
2742,3,3
2743,1,3
2744,3,1
2747,1,3
2748,1,3
2749,3,4
2750,5,3
2751,1,3
2754,2,2
2755,3,3
2758,4,3
2759,2,3
2760,1,1
2762,2,3
2764,3,3
2765,1,3
2770,3,1
2772,3,3
2773,1,3
2774,1,1
2775,2,3
2776,1,3
2779,6,3
2780,2,1
2781,1,3
2782,1,3
2783,3,3
2784,2,2
2785,2,3
2787,3,3
2788,1,3
2790,1,3
2792,4,2
2794,2,3
2799,1,3
2800,6,1
2801,3,3
2802,2,3
2803,4,1
2805,2,3
2806,1,3
2809,5,1
2810,3,3
2813,5,4
2815,3,3
2816,3,3
2817,3,3
2818,3,3
2819,3,3
2820,5,3
2823,2,3
2824,3,3
2827,1,3
2828,1,1
2829,5,3
2831,1,3
2835,3,3
2837,5,3
2840,1,1
2841,1,3
2845,6,3
2847,6,3
2848,2,3
2849,3,1
2852,6,3
2854,2,2
2856,2,3
2862,2,3
2864,1,3
2865,1,3
2867,1,2
2868,3,3
2869,3,3
2870,1,3
2872,2,1
2874,1,3
2876,1,3
2877,2,1
2880,2,3
2881,1,3
2882,1,3
2886,5,3
2887,3,3
2889,4,3
2890,1,3
2894,3,3
2895,5,3
2896,3,3
2898,2,3
2899,2,3
2900,6,3
2903,1,3
2905,4,3
2906,1,3
2907,2,3
2910,1,3
2913,4,3
2914,5,4
2917,1,3
2918,4,3
2921,1,3
2926,5,2
2927,5,1
2928,6,3
2930,6,3
2931,5,3
2932,6,3
2933,5,3
2938,2,3
2940,6,3
2942,6,1
2943,6,3
2945,1,3
2946,5,1
2948,3,3
2949,3,1
2950,2,3
2951,3,2
2952,1,3
2953,1,3
2955,5,3
2956,1,3
2958,3,3
2959,3,3
2960,2,3
2964,2,3
2965,2,3
2966,2,3
2967,5,3
2969,3,3
2971,3,3
2972,5,3
2973,1,3
2976,1,3
2977,2,3
2979,6,3
2981,1,3
2983,2,3
2987,5,2
2989,3,3
2991,2,3
2993,6,1
2994,1,2
2997,3,3
2999,5,3
3001,3,3
3005,1,3
3006,1,3
3010,3,3
3012,3,3
3014,3,3
3016,4,3
3017,1,3
3018,4,3
3019,5,1
3023,2,1
3024,1,1
3025,1,1
3026,2,3
3027,3,3
3028,3,1
3029,4,3
3032,2,3
3035,1,1
3036,6,1
3039,1,3
3040,1,3
3041,2,3
3042,3,3
3043,3,1
3045,2,1
3047,3,3
3048,3,3
3050,6,3
3054,1,3
3057,6,3
3058,2,3
3060,1,3
3062,3,3
3063,3,1
3064,1,3
3065,2,3
3066,1,2
3067,2,3
3069,3,3
3071,3,3
3073,4,3
3075,2,2
3077,4,3
3078,1,3
3079,5,3
3081,1,3
3082,3,4
3083,5,2
3084,2,2
3085,1,1
3086,6,3
3087,3,3
3089,2,3
3092,1,3
3097,5,3
3099,5,2
3102,2,3
3104,6,3
3108,3,3
3109,5,1
3112,1,1
3115,1,3
3117,4,3
3119,2,2
3123,3,1
3124,6,3
3125,2,1
3127,2,3
3128,5,1
3129,3,3
3130,1,3
3133,6,1
3134,2,3
3137,4,3
3138,5,3
3141,3,3
3142,6,3
3143,1,3
3144,3,3
3146,3,3
3147,3,3
3148,3,3
3149,2,2
3150,6,3
3151,4,3
3160,1,3
3162,5,3
3164,1,3
3165,5,3
3167,4,2
3169,6,3
3170,5,3
3171,3,3
3173,2,3
3174,1,3
3175,6,3
3177,1,3
3180,4,3
3181,1,3
3182,2,3
3183,5,1
3184,5,1
3186,4,3
3188,5,3
3191,3,1
3192,3,3
3196,1,3
3197,1,3
3199,1,2
3201,2,3
3206,1,3
3207,1,3
3209,2,3
3213,6,3
3214,1,3
3216,3,3
3217,1,3
3220,3,3
3222,3,3
3226,2,3
3227,4,3
3228,1,3
3229,6,3
3230,3,3
3231,5,3
3232,1,3
3233,6,3
3234,3,3
3235,4,3
3236,3,3
3238,1,1
3239,3,3
3240,6,3
3241,5,3
3242,1,3
3247,2,3
3250,3,2
3252,5,3
3255,2,3
3256,3,3
3257,5,3
3259,5,3
3260,3,3
3266,6,1
3272,4,1
3273,1,3
3274,1,3
3275,3,3
3276,6,4
3279,3,2
3281,5,3
3282,5,3
3284,1,3
3285,6,3
3286,4,3
3290,1,3
3293,3,3
3296,1,3
3297,1,3
3298,6,3
3300,2,3
3301,2,3
3303,1,3
3305,4,3
3306,1,3
3308,3,3
3312,1,3
3313,6,3
3314,2,3
3316,1,3
3321,1,3
3322,3,3
3325,5,3
3327,4,3
3328,3,3
3330,5,2
3332,2,3
3333,3,3
3335,1,3
3337,4,1
3338,1,3
3339,1,3
3340,5,3
3342,5,1
3344,5,3
3345,3,3
3346,5,3
3347,3,3
3349,4,3
3351,2,3
3352,1,3
3355,2,3
3357,5,3
3359,6,3
3360,6,1
3361,1,3
3363,3,3
3365,5,3
3367,5,3
3368,5,1
3369,5,1
3372,2,3
3373,6,3
3374,2,3
3379,5,3
3380,4,3
3383,2,3
3386,3,3
3387,1,3
3390,1,3
3393,3,1
3396,3,3
3397,6,3
3400,3,1
3403,3,3
3404,1,1
3412,5,1
3414,1,3
3415,2,4
3417,5,1
3422,1,3
3423,4,3
3424,6,3
3426,3,4
3427,3,3
3431,4,3
3433,4,3
3439,6,3
3440,1,1
3441,1,3
3442,3,3
3445,1,3
3447,2,3
3448,3,3
3451,1,3
3452,1,1
3453,2,3
3455,1,3
3456,1,3
3457,1,3
3458,1,3
3459,2,3
3461,3,3
3462,1,3
3464,1,3
3466,3,3
3469,6,3
3471,2,1
3474,4,3
3475,3,3
3477,3,1
3479,2,3
3486,5,3
3488,6,2
3490,5,3
3491,1,3
3495,1,2
3497,3,3
3500,2,3
3501,4,3
3504,1,1
3506,3,3
3507,2,3
3511,1,3
3515,5,3
3516,2,1
3519,5,3
3520,3,3
3521,1,3
3525,1,3
3529,4,3
3530,5,1
3531,2,3
3532,6,3
3533,2,3
3535,6,3
3536,5,3
3537,6,3
3539,6,3
3540,5,3
3542,1,3
3543,6,3
3546,6,1
3547,1,3
3551,2,3
3552,6,3
3554,5,3
3556,3,2
3558,2,2
3559,1,3
3561,1,3
3562,1,1
3563,5,3
3564,1,3
3566,3,2
3567,5,3
3570,1,3
3571,1,3
3573,2,3
3575,3,3
3579,2,3
3581,3,3
3582,1,2
3585,3,1
3586,1,1
3589,2,3
3590,3,1
3592,6,3
3594,3,3
3598,1,3
3599,4,3
3600,3,3
3601,1,3
3602,2,2
3604,1,1
3605,5,2
3608,1,3
3609,3,3
3612,5,3
3616,5,3
3619,2,3
3620,4,2
3621,1,3
3627,1,3
3630,1,2
3631,1,3
3633,1,3
3634,1,3
3635,1,1
3639,1,3
3644,3,3
3645,5,3
3646,6,3
3647,3,3
3650,5,2
3652,2,3
3653,5,3
3654,1,3
3656,3,3
3658,5,3
3662,3,3
3665,1,3
3666,1,3
3667,1,3
3669,6,3
3670,5,3
3671,1,3
3673,5,3
3674,3,3
3679,1,3
3680,3,3
3683,3,3
3684,3,3
3685,1,3
3686,5,3
3689,1,3
3691,1,3
3692,1,3
3694,1,3
3695,6,3
3696,2,3
3697,5,3
3698,1,3
3701,1,3
3702,6,3
3703,3,1
3705,1,3
3706,3,3
3707,1,3
3708,1,3
3711,5,3
3715,6,3
3718,3,3
3719,2,3
3720,1,1
3721,3,3
3725,1,3
3726,2,3
3727,2,3
3728,6,3
3729,1,3
3731,6,3
3733,2,3
3737,6,1
3738,1,3
3739,3,2
3740,5,3
3741,3,3
3742,1,3
3745,2,2
3748,6,3
3752,5,3
3753,3,3
3754,3,3
3755,1,1
3756,2,3
3758,4,3
3762,5,3
3764,5,2
3765,1,3
3766,1,3
3768,6,3
3769,1,3
3770,3,3
3771,1,1
3775,1,2
3777,1,3
3778,1,3
3779,1,2
3780,1,3
3782,3,3
3783,3,3
3785,3,3
3786,2,3
3788,5,3
3793,6,3
3800,5,1
3801,2,3
3803,5,3
3804,1,3
3808,3,3
3809,4,3
3813,2,3
3814,3,3
3818,2,3
3819,2,3
3820,4,3
3822,3,3
3824,5,3
3833,3,2
3834,3,3
3837,6,1
3838,3,3
3839,1,3
3840,5,3
3844,1,2
3846,5,3
3847,1,3
3850,1,3
3854,3,3
3855,4,3
3856,1,3
3857,2,3
3860,1,3
3862,3,3
3863,5,3
3864,1,3
3865,5,3
3866,1,3
3867,3,3
3868,1,3
3869,4,3
3870,3,3
3874,1,3
3875,6,3
3876,5,3
3877,1,1
3879,6,3
3881,5,3
3882,5,3
3885,1,3
3887,6,3
3889,1,3
3890,3,3
3892,1,3
3893,3,3
3894,5,3
3896,5,3
3897,1,3
3898,6,3
3899,6,3
3900,2,3
3902,5,3
3903,4,2
3904,3,3
3907,6,3
3908,3,3
3909,3,4
3911,5,3
3913,1,3
3917,3,3
3918,6,2
3919,1,2
3923,6,3
3925,1,3
3926,1,3
3927,1,3
3929,1,3
3931,3,3
3932,3,3
3933,3,3
3934,1,3
3935,5,1
3936,1,3
3937,3,3
3938,4,1
3940,1,3
3941,3,1
3943,3,3
3945,5,3
3946,3,3
3948,3,3
3949,1,2
3950,3,1
3951,1,3
3954,1,3
3960,3,3
3961,3,3
3966,1,3
3967,6,3
3970,6,3
3971,4,3
3972,3,3
3973,1,3
3974,5,3
3975,3,2
3978,6,3
3980,2,3
3982,2,3
3983,3,1
3984,3,1
3989,3,3
3991,2,3
3995,1,3
3996,3,3
3997,1,3
3998,1,1
3999,1,3
4001,4,1
4002,3,1
4004,3,3
4006,6,3
4008,1,3
4009,1,3
4010,5,4
4011,6,3
4012,1,1
4013,5,3
4014,1,2
4015,5,1
4018,1,3
4020,1,3
4021,3,3
4022,2,3
4023,1,3
4026,3,1
4028,1,3
4029,3,3
4030,2,3
4032,1,3
4033,6,3
4037,6,3
4039,3,2
4041,5,3
4042,1,3
4043,1,3
4044,1,3
4046,3,3
4050,5,3
4052,3,3
4055,5,3
4057,3,3
4059,2,3
4060,5,3
4062,5,3
4064,5,3
4065,3,3
4066,1,3
4067,1,3
4068,3,3
4070,4,3
4072,6,3
4074,6,3
4075,5,3
4076,5,3
4077,2,3
4079,6,3
4080,1,3
4082,2,3
4083,6,3
4084,3,2
4085,1,1
4086,2,3
4087,1,1
4089,3,3
4090,3,3
4093,5,3
4094,2,3
4095,3,3
4096,4,3
4098,6,3
4102,6,2
4103,3,3
4105,6,3
4108,1,3
4113,3,2
4114,3,3
4116,2,3
4117,6,3
4118,1,3
4120,1,3
4122,2,3
4127,2,1
4128,3,2
4129,3,3
4132,3,3
4134,1,3
4136,3,1
4139,1,3
4141,6,1
4142,5,1
4147,4,3
4149,1,2
4152,1,3
4154,6,3
4155,3,3
4157,1,3
4160,1,3
4161,5,1
4163,2,3
4167,5,3
4170,1,3
4171,2,3
4172,3,2
4174,1,3
4175,2,3
4176,3,3
4177,1,3
4179,2,3
4184,1,3
4185,3,1
4186,6,3
4187,6,3
4191,6,3
4192,2,3
4193,4,3
4194,4,3
4195,3,3
4197,2,3
4198,3,3
4200,1,3
4201,1,3
4203,2,3
4204,1,3
4205,2,3
4207,6,3
4208,2,3
4211,3,3
4212,1,3
4213,5,3
4214,1,3
4217,1,3
4220,2,3
4230,1,3
4231,6,3
4232,3,3
4233,5,3
4234,2,3
4237,1,2
4238,2,3
4240,4,3
4244,3,3
4246,1,3
4249,1,3
4251,1,3
4253,1,3
4254,6,3
4255,1,1
4257,6,3
4258,5,3
4259,4,3
4260,5,1
4262,6,3
4263,1,3
4266,5,3
4267,1,3
4268,2,3
4272,1,3
4274,5,3
4275,5,3
4277,1,3
4279,1,3
4281,6,3
4282,3,3
4284,1,3
4285,5,3
4290,5,3
4291,3,3
4292,5,1
4293,1,3
4295,3,3
4296,1,3
4297,5,3
4299,6,3
4301,2,1
4303,4,3
4307,6,3
4308,5,2
4309,5,3
4310,2,3
4311,2,3
4314,3,3
4320,3,3
4322,4,4
4323,1,3
4324,2,3
4326,4,3
4327,5,1
4328,1,3
4330,1,3
4332,3,1
4334,6,3
4335,2,2
4336,6,3
4337,2,3
4338,3,3
4339,3,3
4341,5,1
4344,1,1
4346,1,3
4347,1,1
4348,1,3
4349,3,3
4350,3,3
4353,3,1
4356,1,3
4357,3,3
4358,6,3
4361,1,3
4365,2,3
4366,5,3
4367,1,3
4369,6,3
4370,3,3
4372,1,3
4373,1,3
4374,1,1
4375,3,3
4377,5,3
4380,3,3
4381,6,3
4382,2,3
4384,5,3
4385,3,1
4386,2,3
4392,5,1
4394,3,3
4395,2,3
4397,3,3
4398,6,3
4400,1,1
4402,3,3
4403,6,3
4404,1,3
4405,6,1
4406,4,3
4408,5,3
4411,1,3
4412,3,1
4413,5,3
4415,2,3
4416,2,2
4417,1,3
4421,1,3
4422,5,2
4423,3,2
4424,5,3
4429,6,3
4430,1,3
4431,1,3
4432,5,3
4434,2,3
4435,4,1
4437,3,3
4438,3,3
4443,6,3
4445,4,3
4446,4,1
4449,5,3
4455,1,1
4456,3,3
4459,4,3
4463,1,3
4465,3,2
4470,3,2
4471,2,3
4472,1,3
4474,6,3
4477,4,3
4478,6,1
4481,6,3
4484,2,3
4488,1,2
4489,2,3
4493,1,3
4496,1,1
4497,3,1
4498,6,1
4500,5,3
4503,5,1
4504,2,3
4506,2,3
4507,1,4
4509,6,3
4510,1,1
4511,1,3
4513,1,1
4514,3,2
4515,1,3
4516,1,3
4518,6,3
4519,2,3
4521,2,3
4523,3,1
4524,4,3
4525,1,3
4528,4,3
4531,6,3
4533,5,3
4535,1,1
4537,2,2
4538,3,3
4541,3,3
4542,2,3
4543,6,3
4544,3,3
4548,5,3
4549,6,3
4553,6,3
4554,6,3
4556,1,3
4557,1,1
4558,1,3
4560,2,3
4565,2,3
4566,1,1
4567,6,3
4572,6,3
4573,1,3
4575,3,2
4576,6,3
4578,6,3
4579,6,3
4581,1,3
4582,3,3
4583,6,3
4584,4,3
4585,4,3
4587,6,3
4589,3,3
4590,6,3
4591,3,3
4592,3,3
4596,1,1
4597,1,3
4599,4,3
4600,1,3
4603,6,3
4606,5,3
4607,1,3
4609,4,3
4610,1,3
4611,1,3
4612,2,3
4613,4,3
4616,1,3
4617,3,3
4619,6,3
4620,1,3
4623,6,3
4624,5,3
4629,1,3
4633,2,1
4634,1,3
4636,1,3
4637,3,3
4638,6,3
4639,3,2
4642,1,3
4651,3,3
4653,3,3
4654,2,3
4655,3,3
4658,6,3
4659,5,3
4663,1,3
4664,1,3
4665,1,1
4668,6,1
4669,2,3
4670,1,3
4673,3,3
4676,4,3
4677,6,3
4678,5,3
4682,5,3
4683,2,2
4685,1,4
4691,5,1
4694,6,3
4698,1,1
4701,5,3
4702,3,1
4703,1,3
4704,4,1
4706,3,3
4709,6,3
4711,5,3
4714,3,3
4715,3,3
4716,6,3
4718,1,3
4719,1,3
4726,5,3
4727,3,2
4728,6,3
4729,4,3
4730,3,3
4732,1,2
4733,3,3
4735,3,3
4737,1,3
4738,5,3
4740,5,3
4743,1,1
4746,1,3
4749,3,3
4750,6,3
4751,3,3
4752,6,3
4753,1,2
4754,4,3
4755,1,1
4757,3,3
4759,6,3
4761,3,3
4762,1,3
4764,3,3
4765,2,3
4769,6,2
4772,6,3
4776,5,3
4777,5,3
4778,3,3
4781,3,3
4786,5,3
4787,3,3
4790,2,4
4791,1,3
4793,6,1
4794,2,3
4795,6,3
4796,6,3
4799,2,3
4800,6,3
4801,2,3
4802,1,1
4803,1,3
4805,3,3
4813,1,3
4819,3,1
4821,2,3
4822,1,3
4826,3,3
4828,6,3
4832,6,3
4834,1,3
4835,3,3
4836,3,3
4837,2,3
4838,2,3
4839,1,2
4840,1,3
4842,1,3
4846,1,3
4849,3,3
4850,3,3
4852,3,3
4854,1,1
4855,5,2
4856,6,3
4857,1,3
4859,1,3
4863,1,3
4864,3,3
4865,3,3
4868,3,3
4872,3,3
4879,3,3
4880,1,3
4882,2,3
4883,1,3
4884,6,3
4885,6,3
4886,6,2
4887,3,3
4888,4,1
4889,3,3
4891,2,3
4893,5,3
4894,5,3
4895,2,3
4899,2,3
4900,1,3
4902,5,3
4906,1,1
4907,3,3
4910,5,3
4911,3,3
4912,1,3
4913,5,3
4918,6,1
4921,1,3
4923,5,1
4924,5,1
4926,6,1
4927,1,2
4928,5,3
4929,5,3
4930,3,2
4931,3,2
4932,1,3
4933,1,3
4934,3,3
4935,5,3
4937,5,4
4938,3,3
4944,2,2
4945,6,3
4946,6,3
4947,5,3
4950,1,3
4953,2,3
4955,2,3
4957,1,3
4958,3,3
4959,6,3
4960,1,3
4961,1,3
4962,5,3
4963,6,3
4965,3,1
4966,5,1
4967,6,3
4970,1,3
4973,3,3
4975,1,3
4980,5,1
4981,3,3
4983,3,3
4985,3,3
4988,1,3
4991,4,3
4994,1,1
4995,1,1
4998,6,3
4999,3,2
5000,1,2
5002,3,3
5004,5,3
5006,1,3
5011,4,3
5013,4,3
5014,6,3
5015,3,3
5016,6,3
5018,3,3
5019,1,1
